Dinner time, 1, 2020-02-27T19:20:05.181+01:00
Dinner time, 1, 2020-02-27T19:20:05.233+01:00
Dinner time, 1, 2020-02-27T19:20:05.254+01:00
Dinner time, 1, 2020-02-27T19:20:05.265+01:00
Dinner time, 1, 2020-02-27T19:20:05.277+01:00
Dinner time, 1, 2020-02-27T19:20:05.288+01:00
Dinner time, 1, 2020-02-27T19:20:05.298+01:00
Dinner time, 1, 2020-02-27T19:20:05.310+01:00
Dinner time, 1, 2020-02-27T19:20:05.322+01:00
Family is hungry, 1, 2020-02-27T19:20:05.333+01:00
Family is hungry, 1, 2020-02-27T19:20:05.346+01:00
Family is hungry, 1, 2020-02-27T19:20:05.359+01:00
Family is hungry, 1, 2020-02-27T19:20:05.369+01:00
Family is hungry, 1, 2020-02-27T19:20:05.380+01:00
Family is hungry, 1, 2020-02-27T19:20:05.392+01:00
Family is hungry, 1, 2020-02-27T19:20:05.403+01:00
Family is hungry, 1, 2020-02-27T19:20:05.414+01:00
Family is hungry, 1, 2020-02-27T19:20:05.426+01:00
Family is hungry, 1, 2020-02-27T19:20:05.438+01:00
Cooking Table Setup for Batter, 1, 2020-02-27T19:20:05.450+01:00
Cooking Table Setup for Batter, 1, 2020-02-27T19:20:05.463+01:00
Cooking Table Setup for Batter, 1, 2020-02-27T19:20:05.474+01:00
Cooking Table Setup for Batter, 1, 2020-02-27T19:20:05.486+01:00
Cooking Table Setup for Batter, 1, 2020-02-27T19:20:05.497+01:00
Cooking Table Setup for Batter, 1, 2020-02-27T19:20:05.508+01:00
Cooking Table Setup for Batter, 1, 2020-02-27T19:20:05.520+01:00
Cooking Table Setup for Batter, 1, 2020-02-27T19:20:05.533+01:00
Cooking Table Setup for Batter, 1, 2020-02-27T19:20:05.545+01:00
Cooking Table Setup for Batter, 1, 2020-02-27T19:20:05.556+01:00
Cooking Table Setup for Beans, 1, 2020-02-27T19:20:05.567+01:00
Cooking Table Setup for Beans, 1, 2020-02-27T19:20:05.578+01:00
Cooking Table Setup for Beans, 1, 2020-02-27T19:20:05.589+01:00
Cooking Table Setup for Beans, 1, 2020-02-27T19:20:05.600+01:00
Cooking Table Setup for Beans, 1, 2020-02-27T19:20:05.611+01:00
Cooking Table Setup for Beans, 1, 2020-02-27T19:20:05.623+01:00
Cooking Table Setup for Beans, 1, 2020-02-27T19:20:05.635+01:00
Cooking Table Setup for Beans, 1, 2020-02-27T19:20:05.647+01:00
Cooking Table Setup for Beans, 1, 2020-02-27T19:20:05.659+01:00
Cooking Table Setup for Beans, 1, 2020-02-27T19:20:05.671+01:00
Flower with eggs mixed, 1, 2020-02-27T19:20:05.684+01:00
Flower with eggs mixed, 1, 2020-02-27T19:20:05.696+01:00
Flower with eggs mixed, 1, 2020-02-27T19:20:05.708+01:00
Flower with eggs mixed, 1, 2020-02-27T19:20:05.721+01:00
Flower with eggs mixed, 1, 2020-02-27T19:20:05.734+01:00
Flower with eggs mixed, 1, 2020-02-27T19:20:05.745+01:00
Flower with eggs mixed, 1, 2020-02-27T19:20:05.756+01:00
Flower with eggs mixed, 1, 2020-02-27T19:20:05.767+01:00
Flower with eggs mixed, 1, 2020-02-27T19:20:05.780+01:00
Flower with eggs mixed, 1, 2020-02-27T19:20:05.791+01:00
Beans washed, 1, 2020-02-27T19:20:05.802+01:00
Beans washed, 1, 2020-02-27T19:20:05.813+01:00
Beans washed, 1, 2020-02-27T19:20:05.824+01:00
Beans washed, 1, 2020-02-27T19:20:05.835+01:00
Beans washed, 1, 2020-02-27T19:20:05.847+01:00
Beans washed, 1, 2020-02-27T19:20:05.860+01:00
Beans washed, 1, 2020-02-27T19:20:05.870+01:00
Beans washed, 1, 2020-02-27T19:20:05.881+01:00
Beans washed, 1, 2020-02-27T19:20:05.893+01:00
Beans washed, 1, 2020-02-27T19:20:05.905+01:00
Seasoned with salt and pepper, 1, 2020-02-27T19:20:05.918+01:00
Seasoned with salt and pepper, 1, 2020-02-27T19:20:05.930+01:00
Seasoned with salt and pepper, 1, 2020-02-27T19:20:05.943+01:00
Seasoned with salt and pepper, 1, 2020-02-27T19:20:05.956+01:00
Seasoned with salt and pepper, 1, 2020-02-27T19:20:05.966+01:00
Seasoned with salt and pepper, 1, 2020-02-27T19:20:05.979+01:00
Seasoned with salt and pepper, 1, 2020-02-27T19:20:05.990+01:00
Seasoned with salt and pepper, 1, 2020-02-27T19:20:06.000+01:00
Seasoned with salt and pepper, 1, 2020-02-27T19:20:06.011+01:00
Seasoned with salt and pepper, 1, 2020-02-27T19:20:06.022+01:00
Beans thread removed, 1, 2020-02-27T19:20:06.035+01:00
Beans thread removed, 1, 2020-02-27T19:20:06.046+01:00
Beans thread removed, 1, 2020-02-27T19:20:06.059+01:00
Beans thread removed, 1, 2020-02-27T19:20:06.069+01:00
Beans thread removed, 1, 2020-02-27T19:20:06.080+01:00
Beans thread removed, 1, 2020-02-27T19:20:06.092+01:00
Beans thread removed, 1, 2020-02-27T19:20:06.103+01:00
Beans thread removed, 1, 2020-02-27T19:20:06.114+01:00
Beans thread removed, 1, 2020-02-27T19:20:06.124+01:00
Beans thread removed, 1, 2020-02-27T19:20:06.135+01:00
Cold water added, 1, 2020-02-27T19:20:06.148+01:00
Cold water added, 1, 2020-02-27T19:20:06.158+01:00
Cold water added, 1, 2020-02-27T19:20:06.169+01:00
Cold water added, 1, 2020-02-27T19:20:06.181+01:00
Cold water added, 1, 2020-02-27T19:20:06.193+01:00
Cold water added, 1, 2020-02-27T19:20:06.205+01:00
Cold water added, 1, 2020-02-27T19:20:06.215+01:00
Cold water added, 1, 2020-02-27T19:20:06.226+01:00
Cold water added, 1, 2020-02-27T19:20:06.237+01:00
Cold water added, 1, 2020-02-27T19:20:06.248+01:00
Pods are cut in half, 1, 2020-02-27T19:20:06.259+01:00
Pods are cut in half, 1, 2020-02-27T19:20:06.269+01:00
Pods are cut in half, 1, 2020-02-27T19:20:06.280+01:00
Pods are cut in half, 1, 2020-02-27T19:20:06.293+01:00
Pods are cut in half, 1, 2020-02-27T19:20:06.306+01:00
Pods are cut in half, 1, 2020-02-27T19:20:06.316+01:00
Pods are cut in half, 1, 2020-02-27T19:20:06.329+01:00
Pods are cut in half, 1, 2020-02-27T19:20:06.342+01:00
Pods are cut in half, 1, 2020-02-27T19:20:06.353+01:00
Pods are cut in half, 1, 2020-02-27T19:20:06.366+01:00
Beans are cooked, 1, 2020-02-27T19:20:06.377+01:00
Beans are cooked, 1, 2020-02-27T19:20:06.389+01:00
Beans are cooked, 1, 2020-02-27T19:20:06.401+01:00
Beans are cooked, 1, 2020-02-27T19:20:06.414+01:00
Beans are cooked, 1, 2020-02-27T19:20:06.425+01:00
Beans are cooked, 1, 2020-02-27T19:20:06.438+01:00
Beans are cooked, 1, 2020-02-27T19:20:06.451+01:00
Beans are cooked, 1, 2020-02-27T19:20:06.462+01:00
Beans are cooked, 1, 2020-02-27T19:20:06.474+01:00
Beans are cooked, 1, 2020-02-27T19:20:06.486+01:00
Beans are drained from any water, 1, 2020-02-27T19:20:06.499+01:00
Beans are drained from any water, 1, 2020-02-27T19:20:06.509+01:00
Beans are drained from any water, 1, 2020-02-27T19:20:06.520+01:00
Beans are drained from any water, 1, 2020-02-27T19:20:06.532+01:00
Beans are drained from any water, 1, 2020-02-27T19:20:06.545+01:00
Beans are drained from any water, 1, 2020-02-27T19:20:06.558+01:00
Beans are drained from any water, 1, 2020-02-27T19:20:06.568+01:00
Beans are drained from any water, 1, 2020-02-27T19:20:06.581+01:00
Beans are drained from any water, 1, 2020-02-27T19:20:06.594+01:00
Beans are drained from any water, 1, 2020-02-27T19:20:06.606+01:00
Passed pods through batter, 1, 2020-02-27T19:20:06.617+01:00
Passed pods through batter, 1, 2020-02-27T19:20:06.628+01:00
Passed pods through batter, 1, 2020-02-27T19:20:06.640+01:00
Passed pods through batter, 1, 2020-02-27T19:20:06.651+01:00
Passed pods through batter, 1, 2020-02-27T19:20:06.664+01:00
Passed pods through batter, 1, 2020-02-27T19:20:06.675+01:00
Passed pods through batter, 1, 2020-02-27T19:20:06.686+01:00
Passed pods through batter, 1, 2020-02-27T19:20:06.696+01:00
Passed pods through batter, 1, 2020-02-27T19:20:06.708+01:00
Passed pods through batter, 1, 2020-02-27T19:20:06.719+01:00
Pods are fried, 1, 2020-02-27T19:20:06.732+01:00
Pods are fried, 1, 2020-02-27T19:20:06.743+01:00
Pods are fried, 1, 2020-02-27T19:20:06.756+01:00
Pods are fried, 1, 2020-02-27T19:20:06.767+01:00
Pods are fried, 1, 2020-02-27T19:20:06.780+01:00
Pods are fried, 1, 2020-02-27T19:20:06.792+01:00
Pods are fried, 1, 2020-02-27T19:20:06.803+01:00
Pods are fried, 1, 2020-02-27T19:20:06.814+01:00
Pods are fried, 1, 2020-02-27T19:20:06.825+01:00
Pods are fried, 1, 2020-02-27T19:20:06.836+01:00
